OBSERVACION;RECOMENDACIÓN;TAG;FUENTE
"En el 2do piso, la RUTA 2, tiene 49.89 metros hasta la zona segura.
";"El aula 213 debe cambiar la ubicación de la puerta y mas cercana a la ruta 2.
";"1. Los medios de evacuación (pasadizos, escaleras, accesos y salidas) del establecimiento presentan un ancho mínimo de 1.20 m y/o que permitan la evacuación de las personas de manera segura. RNE A.010.
";INFORME SIMULACRO INSPECCION - INNOVA TRUJILLO 1 EL GOLF
"En el 3er piso, la RUTA 2, tiene 57.68 metros hasta la zona segura.
";"Los baños del 3er nivel deben reubicarse.
";"1. Los medios de evacuación (pasadizos, escaleras, accesos y salidas) del establecimiento presentan un ancho mínimo de 1.20 m y/o que permitan la evacuación de las personas de manera segura. RNE A.010.
";INFORME SIMULACRO INSPECCION - INNOVA TRUJILLO 1 EL GOLF
"En el 3to piso, la RUTA 5, tiene 62.84 metros hasta la zona segura.
";"Instalar una escalera para el pabellón A.
";"1. Los medios de evacuación (pasadizos, escaleras, accesos y salidas) del establecimiento presentan un ancho mínimo de 1.20 m y/o que permitan la evacuación de las personas de manera segura. RNE A.010.
";INFORME SIMULACRO INSPECCION - INNOVA TRUJILLO 1 EL GOLF
"En los pasadizo detrás de pabellón C, se encontró carrito de cocina.
";"No utilizar los pasillos como lugar de ubicación de objetos.
";"2. Los medios de evacuación (pasadizos, escaleras, accesos y salidas) se encuentran libres de obstáculos. RNE A.130 Art 13; A.010 Art  25
";INFORME SIMULACRO INSPECCION - INNOVA TRUJILLO 1 EL GOLF
"En el pasadizo detrás de pabellón B, se observo que esta lleno de cosas, siendo utilizado como almacen.
";"Liberar completamente el pasadizo del pab. B, que aunque no está considerado como ruta de evacuación, es pasillo de ventilación y debe estar libre.
";"2. Los medios de evacuación (pasadizos, escaleras, accesos y salidas) se encuentran libres de obstáculos. RNE A.130 Art 13; A.010 Art  25
";INFORME SIMULACRO INSPECCION - INNOVA TRUJILLO 1 EL GOLF
"En la cocina la puerta del almacen no se abre correctamente ya que esta bloqueada por la mercancia
";"Ordenar almacenes y liberar las circulaciones.
";"2. Los medios de evacuación (pasadizos, escaleras, accesos y salidas) se encuentran libres de obstáculos. RNE A.130 Art 13; A.010 Art  25
";INFORME SIMULACRO INSPECCION - INNOVA TRUJILLO 1 EL GOLF
"La gran parte de la señalización no es fotoluminiscente.
";"Toda la señalética debe ser fotoluminiscente y ubicada según plano de señalización.
";"3. El establecimiento cuenta con señalización de seguridad (direccionales de salida, salida, zona segura en caso de sismo, riesgo eléctrico, extintores, otros). RNE A.130, Art. 39; NTP 399.010 -1
";INFORME SIMULACRO INSPECCION - INNOVA TRUJILLO 1 EL GOLF
Falta señalización en ctos. Tecnicos de Prohibido Ingreso a Personas No Autorizadas, Uso de EPP, y otras.;Colocar señalética fotoluminiscentes en Central de Alarma contraincendios, Prohibido Ingreso a Personas No Autorizadas, Uso de EPP, según el plano de señalización.;"3. El establecimiento cuenta con señalización de seguridad (direccionales de salida, salida, zona segura en caso de sismo, riesgo eléctrico, extintores, otros). RNE A.130, Art. 39; NTP 399.010 -1
";INFORME SIMULACRO INSPECCION - INNOVA TRUJILLO 1 EL GOLF
Los aforos de cada aula y ambiente no estan llenados de acuerdo al nuevo calculo.;Colocar la ocupación en los letreros de aforo tanto en el general como de cada aula y ambiente según el plano de evacuación.;"3. El establecimiento cuenta con señalización de seguridad (direccionales de salida, salida, zona segura en caso de sismo, riesgo eléctrico, extintores, otros). RNE A.130, Art. 39; NTP 399.010 -1
";INFORME SIMULACRO INSPECCION - INNOVA TRUJILLO 1 EL GOLF
Falta señalética de salidas;Cambiar señalética de SALIDA pequeña, por señaléticas de mayor tamaño según plano de señalización.;"3. El establecimiento cuenta con señalización de seguridad (direccionales de salida, salida, zona segura en caso de sismo, riesgo eléctrico, extintores, otros). RNE A.130, Art. 39; NTP 399.010 -1
";INFORME SIMULACRO INSPECCION - INNOVA TRUJILLO 1 EL GOLF
No hay señaletica del tanque de gas;Instalar rombo de seguridad por combustible del .G.E., y Válvula de gas;"3. El establecimiento cuenta con señalización de seguridad (direccionales de salida, salida, zona segura en caso de sismo, riesgo eléctrico, extintores, otros). RNE A.130, Art. 39; NTP 399.010 -1
";INFORME SIMULACRO INSPECCION - INNOVA TRUJILLO 1 EL GOLF
Hay luces de emergencia no conectadas a un circuito de alumbrado o malogradas, las cuales estan señalizadas en el plano DWG de señaleticas (activando la capa W-EQUIPOS MAL ESTADO). ;Conectar la alimentación de esas luces de emergencia a los circuitos de alumbrado más próximos.;"4. Cuenta con luces de emergencia operativas. RNE- A-130 Art. 40
";INFORME SIMULACRO INSPECCION - INNOVA TRUJILLO 1 EL GOLF
Las luces de emergencia no poseen conexión ininterrumpida.;Reemplazar las luces de emergencia con conexión ininterrumpida, como la imagen.;"4. Cuenta con luces de emergencia operativas. RNE- A-130 Art. 40
";INFORME SIMULACRO INSPECCION - INNOVA TRUJILLO 1 EL GOLF
Faltan luces de emergencia en varias zonas como pasillos y escaleras.;Instalar nuevas luces de emergencia en los lugares indicados en el plano de señalización;"4. Cuenta con luces de emergencia operativas. RNE- A-130 Art. 40
";INFORME SIMULACRO INSPECCION - INNOVA TRUJILLO 1 EL GOLF
"La salida vehicular debe volverse puerta de salida de emergencia y requiere abrir hacia afuera.
";"Volver la puerta en batiente y retirarla 1metros para apertura hacia flujo en el sentido de la evacuación
";"5. Las puertas que se utilizan como medios de evacuación abren en el sentido del flujo de los evacuantes o permanecen abiertas en horario de atención, sin obstruir la libre circulación y evacuación. RNE A130 Art. 5 y 6
";INFORME SIMULACRO INSPECCION - INNOVA TRUJILLO 1 EL GOLF
"La puerta principal y de salida vehicular no tienen barras antipánico
";"Instalar barras antipánico en ambas hojas de las puertas de salida y señalizarlas con fotoluminiscente
";"6. En caso de contar con un ambiente con aforo mayor a 100 personas, en cualquier caso, la puerta de salida cuenta con barra antipánico. RNE A130 Art. 8
";INFORME SIMULACRO INSPECCION - INNOVA TRUJILLO 1 EL GOLF
"Se encontró un almacen debajo de la escalera N°1
";"Eliminar almacén debajo de escalera
";"7. No cuenta con material combustible o inflamable debajo de las escaleras que sirvan como medios de evacuación (cartones, muebles, plásticos otros similares), RNE A.010 Art. 26, b16
";INFORME SIMULACRO INSPECCION - INNOVA TRUJILLO 1 EL GOLF
"En los tableros TG, TD-STDP, TD-A, TD-EST, TD-ADM, TD-BS,TD-BA, TD-BPL no tienen mantenimiento encontrándose con polvo y oxido.
";"Dar mantenimiento /limpieza a los tableros. Pintar los tableros que presentan oxido con pintura electrostática.
";"1 El gabinete es de material metálico o de resina termoplástica y/o se encuentran en buen estado de conservación. CNE-U 020.024, 020.026 b
";INFORME SIMULACRO INSPECCION - INNOVA TRUJILLO 1 EL GOLF
En el tablero TG, el C-10 es de 32A, tiene un conductor de 4mm2.;Cambiar conductores a 6mm2.;"2. Cuenta con interruptores termomagnéticos y corresponden a la capacidad de corriente de los conductores eléctricos que protege. No utiliza llaves tipo cuchilla. CNE-U 080.010, 080.100, 080.400
";INFORME SIMULACRO INSPECCION - INNOVA TRUJILLO 1 EL GOLF
En el tablero TD-A, el CD-23 es de 32A, tiene un conductor de 4mm2.;Cambiar conductores a 6mm2.;"2. Cuenta con interruptores termomagnéticos y corresponden a la capacidad de corriente de los conductores eléctricos que protege. No utiliza llaves tipo cuchilla. CNE-U 080.010, 080.100, 080.400
";INFORME SIMULACRO INSPECCION - INNOVA TRUJILLO 1 EL GOLF
En el tablero TD-B, el C-3 es de 20A, tiene un conductor de 2.5mm2.;Cambiar conductores a 4mm2.;"2. Cuenta con interruptores termomagnéticos y corresponden a la capacidad de corriente de los conductores eléctricos que protege. No utiliza llaves tipo cuchilla. CNE-U 080.010, 080.100, 080.400
";INFORME SIMULACRO INSPECCION - INNOVA TRUJILLO 1 EL GOLF
En el tablero TD-B, los circuitos C-1 al C-8 están conectados a sus diferenciales con cable conductor de 2.5mm2, siendo llaves de 20A.;Cambiar conductores a 4mm2.;"2. Cuenta con interruptores termomagnéticos y corresponden a la capacidad de corriente de los conductores eléctricos que protege. No utiliza llaves tipo cuchilla. CNE-U 080.010, 080.100, 080.400
";INFORME SIMULACRO INSPECCION - INNOVA TRUJILLO 1 EL GOLF
En el tablero TD-B, los circuitos C-9 y C-10 son de 32A, tienen conductor de 4mm2.;Cambiar conductores a 6mm2.;"2. Cuenta con interruptores termomagnéticos y corresponden a la capacidad de corriente de los conductores eléctricos que protege. No utiliza llaves tipo cuchilla. CNE-U 080.010, 080.100, 080.400
";INFORME SIMULACRO INSPECCION - INNOVA TRUJILLO 1 EL GOLF
En el tablero TD-EST2, todos los circuitos que son de 20A se conectan con sus diferenciales con cable de 2.5mm2.;Cambiar conductores a 4mm2.;"2. Cuenta con interruptores termomagnéticos y corresponden a la capacidad de corriente de los conductores eléctricos que protege. No utiliza llaves tipo cuchilla. CNE-U 080.010, 080.100, 080.400
";INFORME SIMULACRO INSPECCION - INNOVA TRUJILLO 1 EL GOLF
En el tablero TD-EST, el CEST-15 es de 40A, tiene un conductor de 6mm2.;Cambiar conductores a 10mm2.;"2. Cuenta con interruptores termomagnéticos y corresponden a la capacidad de corriente de los conductores eléctricos que protege. No utiliza llaves tipo cuchilla. CNE-U 080.010, 080.100, 080.400
";INFORME SIMULACRO INSPECCION - INNOVA TRUJILLO 1 EL GOLF
En el tablero TD-ADM, el C-10 es de 32A, tiene un conductor de 4mm2.;Cambiar conductores a 6mm2.;"2. Cuenta con interruptores termomagnéticos y corresponden a la capacidad de corriente de los conductores eléctricos que protege. No utiliza llaves tipo cuchilla. CNE-U 080.010, 080.100, 080.400
";INFORME SIMULACRO INSPECCION - INNOVA TRUJILLO 1 EL GOLF
En el tablero TD-ADM, los circuitos C-16 y C-17 son de 40A, tiene un conductor de 6mm2.;Cambiar conductores a 10mm2.;"2. Cuenta con interruptores termomagnéticos y corresponden a la capacidad de corriente de los conductores eléctricos que protege. No utiliza llaves tipo cuchilla. CNE-U 080.010, 080.100, 080.400
";INFORME SIMULACRO INSPECCION - INNOVA TRUJILLO 1 EL GOLF
En el tablero T-ASC, el C-3 es de 40A, tiene un conductor de 6mm2.;Cambiar conductores a 10mm2.;"2. Cuenta con interruptores termomagnéticos y corresponden a la capacidad de corriente de los conductores eléctricos que protege. No utiliza llaves tipo cuchilla. CNE-U 080.010, 080.100, 080.400
";INFORME SIMULACRO INSPECCION - INNOVA TRUJILLO 1 EL GOLF
En el tablero T-TIMBRE, los 2 ITM son de 20A, tienen conductor de 2.5mm2.;Cambiar conductores a 4mm2.;"2. Cuenta con interruptores termomagnéticos y corresponden a la capacidad de corriente de los conductores eléctricos que protege. No utiliza llaves tipo cuchilla. CNE-U 080.010, 080.100, 080.400
";INFORME SIMULACRO INSPECCION - INNOVA TRUJILLO 1 EL GOLF
En el tablero T-TIMBRE, no tienen IG;Todas los interruptores termomagnéticos y diferenciales observados deben tener un solo circuito de entrada y salida, NO ESTAN PERMITIDOS LOS PUENTES, por lo que debe usarse repartidores.;"3. Cuenta con un circuito eléctrico por cada interruptor termomagnético. El tablero tiene un interruptor general en su interior o adyacente al mismo. CNE-U 080.010, 080.100, 080.400
";INFORME SIMULACRO INSPECCION - INNOVA TRUJILLO 1 EL GOLF
En el tablero TD-BA, no tienen IG;Todas los interruptores termomagnéticos y diferenciales observados deben tener un solo circuito de entrada y salida, NO ESTAN PERMITIDOS LOS PUENTES, por lo que debe usarse repartidores.;"3. Cuenta con un circuito eléctrico por cada interruptor termomagnético. El tablero tiene un interruptor general en su interior o adyacente al mismo. CNE-U 080.010, 080.100, 080.400
";INFORME SIMULACRO INSPECCION - INNOVA TRUJILLO 1 EL GOLF
En el tablero TD-BS, no tienen IG;Todas los interruptores termomagnéticos y diferenciales observados deben tener un solo circuito de entrada y salida, NO ESTAN PERMITIDOS LOS PUENTES, por lo que debe usarse repartidores.;"3. Cuenta con un circuito eléctrico por cada interruptor termomagnético. El tablero tiene un interruptor general en su interior o adyacente al mismo. CNE-U 080.010, 080.100, 080.400
";INFORME SIMULACRO INSPECCION - INNOVA TRUJILLO 1 EL GOLF
En el tablero TD-BS, la ITM1,ITM2, están conectadas mediante puentes.;Todas los interruptores termomagnéticos y diferenciales observados deben tener un solo circuito de entrada y salida, NO ESTAN PERMITIDOS LOS PUENTES, por lo que debe usarse repartidores.;"3. Cuenta con un circuito eléctrico por cada interruptor termomagnético. El tablero tiene un interruptor general en su interior o adyacente al mismo. CNE-U 080.010, 080.100, 080.400
";INFORME SIMULACRO INSPECCION - INNOVA TRUJILLO 1 EL GOLF
En el tablero T-COCINA, la IG tiene doble salida;Todas los interruptores termomagnéticos y diferenciales observados deben tener un solo circuito de entrada y salida, NO ESTAN PERMITIDOS LOS PUENTES, por lo que debe usarse repartidores.;"3. Cuenta con un circuito eléctrico por cada interruptor termomagnético. El tablero tiene un interruptor general en su interior o adyacente al mismo. CNE-U 080.010, 080.100, 080.400
";INFORME SIMULACRO INSPECCION - INNOVA TRUJILLO 1 EL GOLF
En el tablero TD-A, la CD-18 y CD-25 no están conectadas a sus diferenciales, revisar si esta haciendo tierra.;Todas los interruptores termomagnéticos y diferenciales observados deben tener un solo circuito de entrada y salida, NO ESTAN PERMITIDOS LOS PUENTES, por lo que debe usarse repartidores.;"3. Cuenta con un circuito eléctrico por cada interruptor termomagnético. El tablero tiene un interruptor general en su interior o adyacente al mismo. CNE-U 080.010, 080.100, 080.400
";INFORME SIMULACRO INSPECCION - INNOVA TRUJILLO 1 EL GOLF
En el tablero T-CB, las C-1 y C-2 se alimentan de la IG mediante puentes.;Todas los interruptores termomagnéticos y diferenciales observados deben tener un solo circuito de entrada y salida, NO ESTAN PERMITIDOS LOS PUENTES, por lo que debe usarse repartidores.;"3. Cuenta con un circuito eléctrico por cada interruptor termomagnético. El tablero tiene un interruptor general en su interior o adyacente al mismo. CNE-U 080.010, 080.100, 080.400
";INFORME SIMULACRO INSPECCION - INNOVA TRUJILLO 1 EL GOLF
Se encontró extensiones en los ambientes medialab 1,2 del 3° piso PAB A. Se encontró extensión y adaptador en estacionamiento. Se encontró extensiones para uso de parlantes en los patios.Se encontró extensiones guardadas en el Almacen del 1° piso PAB E.;Eliminar toda extensión y adaptadores.;"5. Los circuitos de tomacorrientes no están sobrecargados con extensiones o adaptadores. CNE-U 080.100 a
";INFORME SIMULACRO INSPECCION - INNOVA TRUJILLO 1 EL GOLF
En la dirección se encontró uso de multitomas.;Eliminar enchufes múltiples, pudiendo reemplazarlos con tomacorrientes en línea (línea Bticino).;"5. Los circuitos de tomacorrientes no están sobrecargados con extensiones o adaptadores. CNE-U 080.100 a
";INFORME SIMULACRO INSPECCION - INNOVA TRUJILLO 1 EL GOLF
No se ha presentado protocolo de aislamiento de tableros.;Presentar protocolo de aislamiento de tableros.;"6. En locales de pública concurrencia construidos con posterioridad a abril del 2008 tales    como: cines, teatros, auditorios, estadios, ferias, parques de atracciones,  salas de fiesta, discotecas, salas de juego de azar y similares, templos, museos, salas de conferencias, establecimientos comerciales, centros comerciales, mercados, hoteles   y similares, hospitales, clínicas, bibliotecas, colegios, universidades y otros, las instalaciones eléctricas de cables y conductores eléctricos deben ser  del tipo no propagador del incendio, con baja emisión de humos, libre de halógenos y ácidos corrosivos. CNE-U 010.010.4, 020.126 (RM No. 175-2008-MEM/DM)
";INFORME SIMULACRO INSPECCION - INNOVA TRUJILLO 1 EL GOLF
En los tableros TG, ST-3°nivel, T-COCINA (aguas arriba), no tienen terminales;Colocar terminales a todas las llaves;"6. En locales de pública concurrencia construidos con posterioridad a abril del 2008 tales    como: cines, teatros, auditorios, estadios, ferias, parques de atracciones,  salas de fiesta, discotecas, salas de juego de azar y similares, templos, museos, salas de conferencias, establecimientos comerciales, centros comerciales, mercados, hoteles   y similares, hospitales, clínicas, bibliotecas, colegios, universidades y otros, las instalaciones eléctricas de cables y conductores eléctricos deben ser  del tipo no propagador del incendio, con baja emisión de humos, libre de halógenos y ácidos corrosivos. CNE-U 010.010.4, 020.126 (RM No. 175-2008-MEM/DM)
";INFORME SIMULACRO INSPECCION - INNOVA TRUJILLO 1 EL GOLF
"En los tableros TG, no diferencian las fases por colores ni rotulación de cables.En el tablero TD-EST2, los circuitos C-03 y C-04 no tienen diferenciadas sus fases por colores o rotulación.
En el tablero T-ASC, el cable C-3 alimentador de T-ASC, no esta diferenciado por fases en colores.
";Rotular los cables por fases, para diferenciarlos.;"6. En locales de pública concurrencia construidos con posterioridad a abril del 2008 tales    como: cines, teatros, auditorios, estadios, ferias, parques de atracciones,  salas de fiesta, discotecas, salas de juego de azar y similares, templos, museos, salas de conferencias, establecimientos comerciales, centros comerciales, mercados, hoteles   y similares, hospitales, clínicas, bibliotecas, colegios, universidades y otros, las instalaciones eléctricas de cables y conductores eléctricos deben ser  del tipo no propagador del incendio, con baja emisión de humos, libre de halógenos y ácidos corrosivos. CNE-U 010.010.4, 020.126 (RM No. 175-2008-MEM/DM)
";INFORME SIMULACRO INSPECCION - INNOVA TRUJILLO 1 EL GOLF
"En el TD-A, TD-OF, TD-EST1, las fases no estan diferenciadas por colores.
";"Las fases de los alimentadores y circuitos deben estar diferenciados por colores (ej. Azul, rojo, negro).
";"6. En locales de pública concurrencia construidos con posterioridad a abril del 2008 tales    como: cines, teatros, auditorios, estadios, ferias, parques de atracciones,  salas de fiesta, discotecas, salas de juego de azar y similares, templos, museos, salas de conferencias, establecimientos comerciales, centros comerciales, mercados, hoteles   y similares, hospitales, clínicas, bibliotecas, colegios, universidades y otros, las instalaciones eléctricas de cables y conductores eléctricos deben ser  del tipo no propagador del incendio, con baja emisión de humos, libre de halógenos y ácidos corrosivos. CNE-U 010.010.4, 020.126 (RM No. 175-2008-MEM/DM)
";INFORME SIMULACRO INSPECCION - INNOVA TRUJILLO 1 EL GOLF
"En el TD-A, los cables de tierra son color verde.
";"Los cables de tierra deben ser color amarillo-verde.
";"6. En locales de pública concurrencia construidos con posterioridad a abril del 2008 tales    como: cines, teatros, auditorios, estadios, ferias, parques de atracciones,  salas de fiesta, discotecas, salas de juego de azar y similares, templos, museos, salas de conferencias, establecimientos comerciales, centros comerciales, mercados, hoteles   y similares, hospitales, clínicas, bibliotecas, colegios, universidades y otros, las instalaciones eléctricas de cables y conductores eléctricos deben ser  del tipo no propagador del incendio, con baja emisión de humos, libre de halógenos y ácidos corrosivos. CNE-U 010.010.4, 020.126 (RM No. 175-2008-MEM/DM)
";INFORME SIMULACRO INSPECCION - INNOVA TRUJILLO 1 EL GOLF
"Detrás del pabellón C, el extintor no cubre la distancias mininas de recorrido.
El cuarto tecnico del pabellón C, no tiene extintor C02.
Entre el comedor y la cancha de futbol no se ha cubierto la totalidad del espacio, según distancias mínimas de recorrido.
El area administrativa – lobby, no posee extintores.
El extintor saliendo del cuarto tecnico principal bloquea el pasillo y no hay extintor C02.
El 4to piso, el extintor 35 no cubre la distancias mininas de recorrido.
El cuarto de ascensor no posee extintor C02.
";"Instalar nuevos extintores según plano de señalización y cobertura de extintores.
";"Cuenta con extintores operativos y en cantidad adecuada de acuerdo al riesgo existente en el establecimiento. NTP 350.043:2011
";INFORME SIMULACRO INSPECCION - INNOVA TRUJILLO 1 EL GOLF
"Todos los extintores, en su tarjeta de control falta corregir la ubicación. 
Los siguientes extintores no tienen tarjeta de control N°39,41,35,12.
";"Los extintores deben tener su tarjeta de control actualizada, con nombre del colegio, ubicación, tipo, capacidad, numeración, fecha de recarga, fecha de prueba hidrostática y control de inspecciones mensual.
";"2. Los extintores cuentan con tarjeta de control y mantenimiento actualizada, se encuentran operativos, a una altura no mayor de 1.50m, numerados, ubicados en los lugares accesibles. Los extintores tienen constancia de operatividad y mantenimiento. RNE A 130 ART 163, 165; NTP 350.043-1s";INFORME SIMULACRO INSPECCION - INNOVA TRUJILLO 1 EL GOLF
"Todos los extintores se encontraron con la señalética sin enumeración y no correspondían con el certificado.
Se encontró unos extintores sin enumeración en lobby, PAB E, medialab, deposito de útiles.
";"Enumerar todos los extintores, según plano de señalización.
";"2. Los extintores cuentan con tarjeta de control y mantenimiento actualizada, se encuentran operativos, a una altura no mayor de 1.50m, numerados, ubicados en los lugares accesibles. Los extintores tienen constancia de operatividad y mantenimiento. RNE A 130 ART 163, 165; NTP 350.043-1s";INFORME SIMULACRO INSPECCION - INNOVA TRUJILLO 1 EL GOLF
"La señalética no corresponde con el tipo de extintor, N° 46,45,44,47,28,48,33,34,31,30,39,41,13,12,40,49,
";"Colocar señaletica según el tipo de extintor, PQS, C02 o Acetato de Potasio.
";"2. Los extintores cuentan con tarjeta de control y mantenimiento actualizada, se encuentran operativos, a una altura no mayor de 1.50m, numerados, ubicados en los lugares accesibles. Los extintores tienen constancia de operatividad y mantenimiento. RNE A 130 ART 163, 165; NTP 350.043-1s";INFORME SIMULACRO INSPECCION - INNOVA TRUJILLO 1 EL GOLF
"Los extintores N°44,45,46,47,49, estan obstruidos o se ubican detrás de las puertas de las aulas abiertas.
";"Retirar cualquier objeto o mobiliario que evite el acceso libre a los extintores, o reubicarlos, según el plano de señalización.
";"2. Los extintores cuentan con tarjeta de control y mantenimiento actualizada, se encuentran operativos, a una altura no mayor de 1.50m, numerados, ubicados en los lugares accesibles. Los extintores tienen constancia de operatividad y mantenimiento. RNE A 130 ART 163, 165; NTP 350.043-1s";INFORME SIMULACRO INSPECCION - INNOVA TRUJILLO 1 EL GOLF
"El extintor de la cocina esta a 1.53m de altura.
El extintor del patio estacionamiento esta a 1.55m de altura.
";"Colocar el extintor a la altura máxima de 1.50m. Como indica el esquema.
";"2. Los extintores cuentan con tarjeta de control y mantenimiento actualizada, se encuentran operativos, a una altura no mayor de 1.50m, numerados, ubicados en los lugares accesibles. Los extintores tienen constancia de operatividad y mantenimiento. RNE A 130 ART 163, 165; NTP 350.043-1s";INFORME SIMULACRO INSPECCION - INNOVA TRUJILLO 1 EL GOLF
"Los extintores N° 47,48,53,34,31,39,12,13,40,4,5,6,14,17 están sin precinto de seguridad.
";"Colocar precinto de seguridad a todos los extintores.
";"2. Los extintores cuentan con tarjeta de control y mantenimiento actualizada, se encuentran operativos, a una altura no mayor de 1.50m, numerados, ubicados en los lugares accesibles. Los extintores tienen constancia de operatividad y mantenimiento. RNE A 130 ART 163, 165; NTP 350.043-1s";INFORME SIMULACRO INSPECCION - INNOVA TRUJILLO 1 EL GOLF
Los extintores N°22,4,6,8,11,43,7,18, no cuentan con sus ganchos de seguridad de gabinete.;Instalar ganchos de seguridad en los gabinetes de los extintores observados.;"3. Los extintores ubicados a la intemperie están colocados dentro de gabinetes o cobertores. RNE A 130 ART 163, 165; NTP 350.043-1
";INFORME SIMULACRO INSPECCION - INNOVA TRUJILLO 1 EL GOLF
Los gabinetes se encuentran oxidados N°2,5,14,17, 03 gabinetes sin enumeracion del 1ER PISO PAB E.;Dar mantenimiento a los gabinetes oxidados.;"3. Los extintores ubicados a la intemperie están colocados dentro de gabinetes o cobertores. RNE A 130 ART 163, 165; NTP 350.043-1
";INFORME SIMULACRO INSPECCION - INNOVA TRUJILLO 1 EL GOLF
Los gabinetes tienen el acrílico suelto o roto N°2,5,18,17.;Asegurar acrílico suelto de los gabinetes observados.;"3. Los extintores ubicados a la intemperie están colocados dentro de gabinetes o cobertores. RNE A 130 ART 163, 165; NTP 350.043-1
";INFORME SIMULACRO INSPECCION - INNOVA TRUJILLO 1 EL GOLF
El gabinete del extintor N° 14 no cierra.;Reparar puerta de los extintores observados.;"3. Los extintores ubicados a la intemperie están colocados dentro de gabinetes o cobertores. RNE A 130 ART 163, 165; NTP 350.043-1
";INFORME SIMULACRO INSPECCION - INNOVA TRUJILLO 1 EL GOLF
Se encontró 01 gabinete del 1ER PISO PAB E con su bisagra rota y seguro atascado.;Arreglar gabinete de extintor observado;"3. Los extintores ubicados a la intemperie están colocados dentro de gabinetes o cobertores. RNE A 130 ART 163, 165; NTP 350.043-1
";INFORME SIMULACRO INSPECCION - INNOVA TRUJILLO 1 EL GOLF
"En el techo, la tubería de cobre de balones de gas sin sujeción.
";"La tubería de cobre debe estar anclada con soportería adecuada, con escuadras y abrazaderas, pegadas a un parante o muro.
";"5. Las mangueras del tipo flexible de los cilindros (balones) de Gas Licuado de Petróleo (GLP) tipo 10 (de capacidad hasta 25kg) se encuentran en buen estado de conservación (sin rajaduras, libres de grasa, limpias, con sujeción firme con abrazaderas. DS N° 027-94 EM.
";INFORME SIMULACRO INSPECCION - INNOVA TRUJILLO 1 EL GOLF
"La manguera de gas en la cocina no se encontraban en buena condición.
";Dar mantenimiento a la manguera de gas o reemplazar;"6. Las instalaciones de GLP que utilizan cilindros tipo 45 (de capacidad mayor a 25Kg), tienen tuberías de cobre o fierro galvanizado. DS N° 027-94 EM.
";INFORME SIMULACRO INSPECCION - INNOVA TRUJILLO 1 EL GOLF
No se presentó certificado de operatividad, protocolo ni memoria del sistema de detección y alarma contraincendios.;Revisar, dar mantenimiento correctivo al sistema CACI, de realizar pruebas para verificar su funcionamiento al 100%. Emitir certificado, protocolo y memoria del sistema firmado por ing. Electricista o empresa especializada.;"1. Cuenta con un sistema de detección y alarma de incendios centralizado operativo. Se encuentran exceptuados. RNE A.130 Art 89.
";INFORME SIMULACRO INSPECCION - INNOVA TRUJILLO 1 EL GOLF
Panel contraincendios no normado según NFPA72;Instalar panel CACI de acuerdo a normativa nfpa72.;"1. Cuenta con un sistema de detección y alarma de incendios centralizado operativo. Se encuentran exceptuados. RNE A.130 Art 89.
";INFORME SIMULACRO INSPECCION - INNOVA TRUJILLO 1 EL GOLF
Las aulas no poseen detectores de humo.;Instalar detectores de humo en todos los ambientes mencionados que falten indicado en el plano de señalización. ;"1. Cuenta con un sistema de detección y alarma de incendios centralizado operativo. Se encuentran exceptuados. RNE A.130 Art 89.
";INFORME SIMULACRO INSPECCION - INNOVA TRUJILLO 1 EL GOLF
Las estaciones manuales no tienen llave de reinicio.;Reemplazar las estaciones manuales con llave de reinicio o reactivación.;"1. Cuenta con un sistema de detección y alarma de incendios centralizado operativo. Se encuentran exceptuados. RNE A.130 Art 89.
";INFORME SIMULACRO INSPECCION - INNOVA TRUJILLO 1 EL GOLF
Detector cto. de ascensor no funciona.;Hacer mantenimiento a los detectores;"1. Cuenta con un sistema de detección y alarma de incendios centralizado operativo. Se encuentran exceptuados. RNE A.130 Art 89.
";INFORME SIMULACRO INSPECCION - INNOVA TRUJILLO 1 EL GOLF
Almacén de cocina tiene sensor y no detector.;Cambiar sensor de temperatura del almacén por detector de humos.;"1. Cuenta con un sistema de detección y alarma de incendios centralizado operativo. Se encuentran exceptuados. RNE A.130 Art 89.
";INFORME SIMULACRO INSPECCION - INNOVA TRUJILLO 1 EL GOLF
"El extintor de acetato de potasio de la area de cocina esta a mas de 1.50m de alto, mal señalizado, no esta numerado, tarjeta de control.
";"Reubicar extintor de acetato al otro lado de la puerta, ver plano de señalizacion.
";"2. Cuenta con extintores operativos en cantidad adecuada de acetato de potasio para ambientes que cuentan con freidora, producen humos y vapores de grasa. NTP 350.043:2011; RNE A-130 Art. 165
";INFORME SIMULACRO INSPECCION - INNOVA TRUJILLO 1 EL GOLF
El extintor esta obstruido;"Retirar cualquier obstrucción del extintor.
";"2. Cuenta con extintores operativos en cantidad adecuada de acetato de potasio para ambientes que cuentan con freidora, producen humos y vapores de grasa. NTP 350.043:2011; RNE A-130 Art. 165
";INFORME SIMULACRO INSPECCION - INNOVA TRUJILLO 1 EL GOLF
"El almacen del 3er piso en pabellón C, se guardan líquidos inflamables, sin seguir una guía de control, y estar junto a cartón y papel.
";"Separar y acomodar correctamente los envases de líquidos en grandes cantidades, del papel y cartón, o de lo contrario llevar un control del almacen de las guías NFPA 49.1
";"1. Almacenaje no techado de productos peligrosos. Las mercancias deben ser almacenadas en funcion al tipo de riesgo, no juntando o almacenando productos que reaccionan entre si y/o que no son compatibles, de acuerdo a las guias NFPA 49 491, RNE- A-130- Art. 175, Art 176, Art 177, Art 178.NFPA 704.D.S.042 F.- Art. 1020
Almacenaje techado de productos peligrosos. Los almacenes mayores a 250 m2 destinados a carga y/o mercaderias y/o materiales peligrosos, deberan ser diseñados y protegidos segun NFPA 5000. Basados en el grado de peligrosidad y cantidad de mercancia almacenada.
RNE A.130 Art 188
";INFORME SIMULACRO INSPECCION - INNOVA TRUJILLO 1 EL GOLF
Los muros de contención en sótanos dañados por pases de tuberías.;Reparar muros de pases de tuberías, y colocar alrededor espuma expansible.;"3. Los muros de contención en sótanos, en cercos y otros, no presentan fisuras, grietas, rajaduras, deflexiones, pandeos, inclinaciones, varillas de acero expuestas a la intemperie sin recubrimiento, deterioro por humedad producido por filtraciones de tanques y cisternas de almacenamiento de agua, de líquidos, tuberías rotas, lluvias, etc. y otros. RNE E.060
";INFORME SIMULACRO INSPECCION - INNOVA TRUJILLO 1 EL GOLF
Muros de contención de sótanos con filtraciones severas.;Revisar impermeabilización de cisternas, y verificar de donde proviene las filtraciones que humedecen los muros, esto es urgente ya que se están deteriorando estructuralmente los muros de contención.;"3. Los muros de contención en sótanos, en cercos y otros, no presentan fisuras, grietas, rajaduras, deflexiones, pandeos, inclinaciones, varillas de acero expuestas a la intemperie sin recubrimiento, deterioro por humedad producido por filtraciones de tanques y cisternas de almacenamiento de agua, de líquidos, tuberías rotas, lluvias, etc. y otros. RNE E.060
";INFORME SIMULACRO INSPECCION - INNOVA TRUJILLO 1 EL GOLF
En el techos hay fierros expuestos.;Tarrajear techo y así evitar que los fierros sigan expuestos y corroyéndose a la intemperie.;"3. Los muros de contención en sótanos, en cercos y otros, no presentan fisuras, grietas, rajaduras, deflexiones, pandeos, inclinaciones, varillas de acero expuestas a la intemperie sin recubrimiento, deterioro por humedad producido por filtraciones de tanques y cisternas de almacenamiento de agua, de líquidos, tuberías rotas, lluvias, etc. y otros. RNE E.060
";INFORME SIMULACRO INSPECCION - INNOVA TRUJILLO 1 EL GOLF
"Hay presencia de fisuras o rajaduras en los siguientes ambientes.
Hay presencia de fisuras o rajaduras en los siguientes pasillos y areas abiertas.
";"Resanar fisuras, las que son superficiales corregir con empaste y pintura, las más profundas requerirán de picado previo y utilizar una mezcla mortero de concreto previa al pintado.
";"2. Los muros de albañilería no presentan daños: humedad, rajaduras, grietas, inclinaciones, otros. RNE E.070
";INFORME SIMULACRO INSPECCION - INNOVA TRUJILLO 1 EL GOLF
"Hay presencia de humedad en los siguientes ambientes.
Hay presencia de humedad en los siguientes pasillos y areas abiertas.";Reparar filtraciones de agua, dejar secar pared o techo, resanar y luego pintar con pintura resistente a la humedad, si hay salitre colocar aditivo antisalitre y hacer mantenimiento 6 meses.;"2. Los muros de albañilería no presentan daños: humedad, rajaduras, grietas, inclinaciones, otros. RNE E.070
";INFORME SIMULACRO INSPECCION - INNOVA TRUJILLO 1 EL GOLF
"Mesas de madera apolilladas en patio primaria.
";Cambiar elementos de madera apolillados.;"1. Las estructuras de madera, bambú, no presentan rajaduras, deflexiones, pandeos, deterioro por apolillamiento, humedad, otros. RNE E.010

";INFORME SIMULACRO INSPECCION - INNOVA TRUJILLO 1 EL GOLF
"Estructura de cobertura de mallas raschel están sin mantenimiento y requiere certificado estructural
";"Dar mantenimiento a mallas raschel, incluyendo sus estructuras y anclajes. Las mallas rache debe estar correctamente sujetas con ojales y cable acerado, con argollas sin oxido.
";"1. Las edificaciones o techos de estructura de acero no presentan deformaciones o pandeos excesivos y visibles que perjudiquen su estabilidad. Los apoyos, uniones y anclajes son seguros (tienen pernos y soldaduras en buen estado de conservación). RNE E.090.
";INFORME SIMULACRO INSPECCION - INNOVA TRUJILLO 1 EL GOLF
"Las escaleras N°02 y 03 están con oxido
Estructuras de las coberturas de patio general, primaria con oxido.
La escalera de gato y escalera a cto. de ascensor oxidadas.
";"Realizar mantenimiento de lijado y pintado de las estructuras y elementos corroídos. Se recomienda utilizar pintura epóxico y esmalte de buena calidad, darle mantenimiento anual.
";"2. No presentan deterioro por oxido y/o corrosión y se encuentra protegida contra este. RNE E.090.
";INFORME SIMULACRO INSPECCION - INNOVA TRUJILLO 1 EL GOLF
Las estructuras metálica de piso en el cuarto de ascensor muestra oxido y corrosión.;Realizar mantenimiento de lijado y pintado del piso del ascensor. Se recomienda utilizar pintura epóxico y esmalte de buena calidad, darle mantenimiento anual.;"2. No presentan deterioro por oxido y/o corrosión y se encuentra protegida contra este. RNE E.090.
";INFORME SIMULACRO INSPECCION - INNOVA TRUJILLO 1 EL GOLF
Fierros sin protección en el cuarto del ascensor.;Cortar fierros sin protección.;"2. No presentan deterioro por oxido y/o corrosión y se encuentra protegida contra este. RNE E.090.
";INFORME SIMULACRO INSPECCION - INNOVA TRUJILLO 1 EL GOLF
Luminarias oxidadas en ingreso principal, en exteriores, patio general y comedor.;Reemplazar luminarias oxidadas.;"2. No presentan deterioro por oxido y/o corrosión y se encuentra protegida contra este. RNE E.090.
";INFORME SIMULACRO INSPECCION - INNOVA TRUJILLO 1 EL GOLF
En el tablero TG, las barreras de tierra están corroídas.;Colocar conexión a tierra a todas las tapas, mandiles de los tableros eléctricos hacia la barra equipotencial.;"1. El tablero eléctrico de material metálico está conectado a tierra. CNE-U 060.402.1 h
";INFORME SIMULACRO INSPECCION - INNOVA TRUJILLO 1 EL GOLF
El tablero T-COCINA no tiene aterrada su carcaza.;Instalar a todos los circuitos una conexión a tierra.;"1. El tablero eléctrico de material metálico está conectado a tierra. CNE-U 060.402.1 h
";INFORME SIMULACRO INSPECCION - INNOVA TRUJILLO 1 EL GOLF
El tablero T-COCINA no tiene aterrada su carcaza.;Instalar llegada de cable a tierra al tablero.;"1. El tablero eléctrico de material metálico está conectado a tierra. CNE-U 060.402.1 h
";INFORME SIMULACRO INSPECCION - INNOVA TRUJILLO 1 EL GOLF
"Los tableros TD-BPL,TC-ASC,TD-BD,T-TIMBRE, el acrílico no tiene aberturas.
";"Cortar en mandil de acrílico en los tableros de servicio observados, para poder manipular los ITM.
";"2. El tablero cuenta con placa de protección (mandil). CNE-U 020.202.1
";INFORME SIMULACRO INSPECCION - INNOVA TRUJILLO 1 EL GOLF
"En el tablero TD-STDP, no tiene tapa la reserva libre.
";"Instalar tapas de reserva en todos los espacios que faltan.
";"3. Las aberturas no usadas en los tableros eléctricos (espacios de reserva) se encuentran cerradas con tapas. CNE-U 070.3026
";INFORME SIMULACRO INSPECCION - INNOVA TRUJILLO 1 EL GOLF
En el tablero TD-STDP, no se sabe si requiere diferenciales ya que no se sabe que alimenta;Indicar que función cumple el tablero STDP, y si sus circuitos no son alimentadores de otros tableros, deben considerar diferenciales.;"4. Todos los circuitos eléctricos tienen protección de interruptores diferenciales. CNE-U 020.132 (RM No.175-2008-MEM)
";INFORME SIMULACRO INSPECCION - INNOVA TRUJILLO 1 EL GOLF
En el tablero TD-A, los circuitos CD-18 y CD-25 no estan conectados a sus diferenciales, posiblemente porque estan haciendo tierra y estan saltando.;Conectar de forma directa los ITM a sus diferenciales.;"4. Todos los circuitos eléctricos tienen protección de interruptores diferenciales. CNE-U 020.132 (RM No.175-2008-MEM)
";INFORME SIMULACRO INSPECCION - INNOVA TRUJILLO 1 EL GOLF
En el tablero TD-B, el circuito C-13 no tiene diferencial.En el tablero T-TIMBRE, no tienen diferenciales.En el tablero TC-ASC, no tienen diferenciales;Instalar diferenciales a todos los circuitos (a excepción de los alimentadores de tableros), según los diagramas unifilares;"4. Todos los circuitos eléctricos tienen protección de interruptores diferenciales. CNE-U 020.132 (RM No.175-2008-MEM)
";INFORME SIMULACRO INSPECCION - INNOVA TRUJILLO 1 EL GOLF
No se pudo acceder a 3 PAT.Los PAT 1,2,3, están llenos de pasto, no están señalizados.;Liberar los PAT tapados con pasto.;"5. Los componentes del pozo de puesta a tierra presentan óxido, deterioro del cable de conexión, conector y varilla en mal estado de conservación. CNE-U 010.010.3
";INFORME SIMULACRO INSPECCION - INNOVA TRUJILLO 1 EL GOLF
Las tapas de los PAT1 y 3 están rotas;Reemplazar tapas rotas de PAT;"5. Los componentes del pozo de puesta a tierra presentan óxido, deterioro del cable de conexión, conector y varilla en mal estado de conservación. CNE-U 010.010.3
";INFORME SIMULACRO INSPECCION - INNOVA TRUJILLO 1 EL GOLF
La barra de cobre esta sulfatada del PAT1.;Dar mantenimiento a barra de cobre.;"5. Los componentes del pozo de puesta a tierra presentan óxido, deterioro del cable de conexión, conector y varilla en mal estado de conservación. CNE-U 010.010.3
";INFORME SIMULACRO INSPECCION - INNOVA TRUJILLO 1 EL GOLF
El contenido del protocolo de resistencia de pozos a tierra no cumple con lo estipulado en el CNE, además indica la existencia de 6 pozos a tierra, siendo que solo se tuvo acceso a 3, no incluye certificado de habilidad de ingeniero. ;Presentar protocolo de resistencia de los pozos a tierra de acuerdo a un mantenimiento real, incluir certificado de habilidad del ingeniero que lo firma.;"5. Los componentes del pozo de puesta a tierra presentan óxido, deterioro del cable de conexión, conector y varilla en mal estado de conservación. CNE-U 010.010.3
";INFORME SIMULACRO INSPECCION - INNOVA TRUJILLO 1 EL GOLF
Hervidor en lactario con enchufe schuko y esta conectado a una toma normal.En atención de cocina, se encontró el refrigerador y microondas con enchufe schuko y esta conectado a una toma normal.En el cto. técnico n°2, el toma de la caja de apertura remota es schuko y esta conectado a una toma normal;Cambiar los tomacorrientes a tipo Schuko (como la imagen), de lo contrario, cambiar los enchufes por los de espiga macho.;"6. Si cuenta con equipos y/o artefactos eléctricos, (hornos microondas, congeladoras, refrigeradoras, lavadoras, calentadores y similares) los enchufes tienen espiga de puesta a tierra y los tomacorrientes cuentan con conexión al sistema de puesta a tierra. CNE-U 060 512.c
";INFORME SIMULACRO INSPECCION - INNOVA TRUJILLO 1 EL GOLF
En la cocina se encontró hidrobox roto.En dirección se encontró un hidrobox suelto.En el aula 1°C se encontró un hidrobox roto.En el cto. de bombas, el tomacorriente no es hidrobox;Cambiar tomas hidrobrox observados con unos de protección IP65 (hidrobox) para evitar contacto con la humedad.;"6. Si cuenta con equipos y/o artefactos eléctricos, (hornos microondas, congeladoras, refrigeradoras, lavadoras, calentadores y similares) los enchufes tienen espiga de puesta a tierra y los tomacorrientes cuentan con conexión al sistema de puesta a tierra. CNE-U 060 512.c
";INFORME SIMULACRO INSPECCION - INNOVA TRUJILLO 1 EL GOLF
En el almacén de cocina, el refrigerador esta sin toma a tierra.;Reemplazar los enchufes por conexión a tierra.;"6. Si cuenta con equipos y/o artefactos eléctricos, (hornos microondas, congeladoras, refrigeradoras, lavadoras, calentadores y similares) los enchufes tienen espiga de puesta a tierra y los tomacorrientes cuentan con conexión al sistema de puesta a tierra. CNE-U 060 512.c
";INFORME SIMULACRO INSPECCION - INNOVA TRUJILLO 1 EL GOLF
La llave del bebedero expuesta sin tapa IP65;Colocar tapa a llave termomagnética de bebedero.;"6. Si cuenta con equipos y/o artefactos eléctricos, (hornos microondas, congeladoras, refrigeradoras, lavadoras, calentadores y similares) los enchufes tienen espiga de puesta a tierra y los tomacorrientes cuentan con conexión al sistema de puesta a tierra. CNE-U 060 512.c
";INFORME SIMULACRO INSPECCION - INNOVA TRUJILLO 1 EL GOLF
"En cuarto técnico general N°1, el transformador no tiene conexión a tierra.
En cuarto técnico N°2, el rack de comunicaciones esta sin tierra.
En cuarto técnico N°3, el rack de servidor no tiene tierra.
En cuarto técnico N°4, el UPS, estabilizador y rack de cámaras no tienen tierra.
En cuarto de bombas, las bombas no tienen tierra.
En cuarto técnico debajo de ESC. PAB. B, el rack de servidor no tiene tierra.
En el techo se encontró que el motor de extractor y el ducto están sin puesta a tierra.
En el patio general, el bebedero no tiene tierra
";"Instalar punto a tierra en las carcazas de los aires acondicionados, bombas de agua, estabilizadores, trafos, UPS, bebedores, campana de extractor y motor de ascensor.
";7. Las carcasas de los motores eléctricos estacionarios, grupos electrógenos y equipos de aire acondicionado están conectados al sistema de puesta a tierra. CNE-U 060.400, 060.402;INFORME SIMULACRO INSPECCION - INNOVA TRUJILLO 1 EL GOLF
Las estructuras metalicas sin conexión a tierra;"Instalar un punto a tierra para todas las estructuras metálicas con conexiones eléctricas, como puertas, estructuras de mallas, coberturas y cerco perimétrico, pasarelas y señalizarlas.


";"8. Las estructuras metálicas de techos, anuncios publicitarios, canaletas y otros, que tienen instalado equipamiento eléctrico y se encuentran al alcance de una persona parada sobre el piso, deben estar conectados al sistema de puesta a tierra. CNE-U 060.002, 060.400
";INFORME SIMULACRO INSPECCION - INNOVA TRUJILLO 1 EL GOLF
"Las puertas con chapa eléctrica sin conexión a tierra.
";Instalar un punto a tierra para las estructuras de las mesas metálicas con conexiones eléctricas.;"8. Las estructuras metálicas de techos, anuncios publicitarios, canaletas y otros, que tienen instalado equipamiento eléctrico y se encuentran al alcance de una persona parada sobre el piso, deben estar conectados al sistema de puesta a tierra. CNE-U 060.002, 060.400
";INFORME SIMULACRO INSPECCION - INNOVA TRUJILLO 1 EL GOLF
"No se ha presentado el certificado de operatividad donde menciona el aterramiento del elevador y no se ve la conexión de tierra del motor in situ.
";"Presentar certificado indicando literalmente que la carcaza y el motor están conectadas al circuito de tierra.
";"9. La carcaza y motor del ascensor, montacargas, escaleras mecánicas y de equipos de elevación eléctrica, deben estar conectados al sistema de puesta a tierra.
CNE-U 200.046, 200.048
";INFORME SIMULACRO INSPECCION - INNOVA TRUJILLO 1 EL GOLF
"No se ha presentado el certificado de operatividad del elevador.
";"Presentar certificado de operatividad y mantenimiento del elevador, firmado por firmado por ing. mecánico, electricista o mecánico electricista colegiado y habilitado.
";"10. El ascensor, montacargas, escaleras mecánicas y equipos de elevación eléctrica, cuentan con constancia de operatividad y mantenimiento, firmado por ing. mecánico, electricista o mecánico electricista colegiado y habilitado.
CNE-U 010.010.3
";INFORME SIMULACRO INSPECCION - INNOVA TRUJILLO 1 EL GOLF
"Se encontró cables sueltos en el almacen y zona de atención de la cocina.
Se encontró cables sueltos de la refrigeradora en sala de reunión del lobby
Se encontró cables expuesto en pasillo trasero del PAB B 1° PISO.
Se encontró uso tuberías pvc en estacionamiento
Se encontró cables expuestos en el estacionamiento, cerca al timbre y sobre cerco perimetral
Se encontró uso de tuberías pvc en patio general.
Se encontró cables expuestos en patio general, perímetro
Se encontró cables sueltos del microondas en el comedor.
Se encontró tuberías pvc expuestas en patio primaria.
Se encontró tuberías en perímetro conduit oxidadas en patio posterior
Se encontró tuberías pvc en techo.
Se encontró en todos los cuartos técnicos el uso de tuberías pvc
En el cto. técnico general N°1 se encontró cables expuestos de la caja del cerco perimétrico.
En el cto. técnico N°2 se encontró cables expuestos por tomacorriente y cajas de paso
En el cto. técnico N°3 se encontró cables expuestos saliendo de caja de paso.
En el cto. técnico N°4 se encontró el estabilizador tiene cables expuestos.
En el cto. de bombas se encontró cable suelto en bomba de agua y los soportes de las tuberías están oxidadas.
En el cto. técnico debajo esc. PAB B, se encontró cables expuestos en piso
En el pasillo trasero PAB C 1°PISO, se encontró tuberías conduit oxidadas.
En el pasillo trasero PAB B 1°PISO, se encontró tuberías conduit en cerco oxidadas.
En el techo se encontró cables expuestos del motor extractor, requiere certificado de operatividad y mantenimiento.
";"Todo cableado debe estar protegido con tuberías empotradas o adosadas, no pueden haber cables expuestos (a excepción que estén en bandejas portacables)
El uso de canaletas solo está permitido en aulas, almacenes, baños y áreas administrativas, siendo que estas deben tener todos su accesorios, tapas, ángulos, etc, para evitar cableado expuesto.
Para los cuartos técnicos y exteriores, las tuberías adosadas solo pueden ser de material CONDUIT EMT O IMC.
Las tuberías de PVC utilizadas en forma adosada no están permitidas, por lo que deben reemplazarse por Conduit EMT o canaletas según el ambiente.
Las tuberías adosadas en los cuartos técnicos deben estar correctamente sujetas mediante rieles, anclajes, abrazaderas, soportes, ect, y estos deben estar en buen estado.
";"11. Los conductores eléctricos utilizados se encuentran protegidos con tubos o canaletas de PVC. CNE-U 070.212
";INFORME SIMULACRO INSPECCION - INNOVA TRUJILLO 1 EL GOLF
"Se encontró en el estacionamiento, caja suelta por la puerta y cajas eléctricas oxidadas.
Se encontró en el patio general, cajas eléctricas oxidadas en perímetro.
Se encontró en almacen 1°PISO, caja de luminaria sin tapa
Se encontró en almacen 1°PISO PAB B, la caja de pase de techo rota.
Se encontró en cto. técnico general N°1, la caja de paso de cámara sin tapa.
Se encontró en cto. técnico N°2, la caja de paso al lado del rack sin tapa y un tomacorriente esta salido.
Se encontró en cto. técnico N°3, una caja esta con la tapa desprendiéndose.
Se encontró en cto. técnico N°4, la tapa suelta de caja de paso eléctrica.
En el pasillo trasero PAB B 1°PISO, se encontró cajas eléctricas oxidadas.
En el techo se encontró caja de paso eléctrica sin tapa al lado de subida de escalera de gato
";"Todas las tapas ciegas de cajas electricas y comunicaciones deben tener correctamente instaladas las tapas, sin permitir que los cables estén expuestos. 
Todos los tomacorrientes deben tener su placa en buen estado.
Todos los tomacorrientes de las aulas de inicial deben tener cubrepolos.
En salidas de alumbrado o tomacorrientes sin el equipo instalados debe estar tapado con tapas.
Los buzones electricos y de comunicaciones en el piso deben estar señalizados y ser herméticos para evitar paso de la lluvia.
";"12. Las cajas de paso de conductores eléctricos deben tener tapa. CNE-U 070.3002, 070.3004
";INFORME SIMULACRO INSPECCION - INNOVA TRUJILLO 1 EL GOLF
"Se encontró en cto. técnico general N°1, las cajas del SVG y CACI no están aterradas.
Se encontró en cto. técnico N°2, la caja de intrusión sin tierra.
Se encontró en dirección y psicología, las mesas sin aterrar con conexiones eléctricas
Se encontró en administración, el estabilizador sin tierra.
Se encontró en los medialabs las mesas sin aterrar con conexiones eléctricas
";Instalar punto a tierra a los soportes metálicos (aparte del punto de las carcazas de aire acondicionado);"14. Las estructuras metálicas de soporte y/o los equipos electrónicos, deben estar conectados al sistema de puesta a tierra. 
CNE-U 060.102, 060.106
";INFORME SIMULACRO INSPECCION - INNOVA TRUJILLO 1 EL GOLF
"Los diagramas unifilares, no están acordes con la realidad.
En el SUBTABLERO 2°PISO, SUBTABLERO 3°PISO falta el dibujo de los interruptores horarios.
El T-COCINA,TD-BPL,T-TIMBRE,TD-BD,TC-ASC no tienen diagrama unifilar
";"Cambiar diagramas unifilares de los tableros acordes a la realidad, de acuerdo a los planos eléctricos actualizados.
";"17. Los diagramas unifilares, plano(s) de distribución de tableros eléctricos y cuadro de cargas concuerdan con lo verificado físicamente. RNE GE 020 Art.14, CNE-U 010.008
";INFORME SIMULACRO INSPECCION - INNOVA TRUJILLO 1 EL GOLF
"Se encontró barandas en techo oxidadas.
Se encontró en la escalera N°1, sus barandas tienen separación de 18 cm.
";"Dar mantenimiento a barandas oxidadas.
Las barras de las barandas no deben sobrepasar los 15cm de distancia.
";"2. Las aberturas al exterior ubicadas a una altura mayor a 1.00 m sobre el suelo, en tragaluces, escaleras y azotea cuentan con protección al vacío de altura mínima de 1.00m, para evitar  caídas al vacío. RNE NTE 060 Art. 11; RNE A.010 Art. 33
";INFORME SIMULACRO INSPECCION - INNOVA TRUJILLO 1 EL GOLF
En el 4to piso, hay dos rampas que saltan la viga invertida, que tienen pendiente de 31.8% de pendiente, superando por 4 veces la pendiente normativa.;"Reemplazar las rampas por escaleras tal como está dibujado en el plano de arquitectura.
";"1. Las rampas tienen una pendiente no mayor al 12% permitiendo la evacuación, tienen pisos antideslizantes y tienen barandas. RNE A.130, Art. 16
";INFORME SIMULACRO INSPECCION - INNOVA TRUJILLO 1 EL GOLF
En el aula 301 hay  luminarias sueltas.;Asegurar todas la luminarias observadas.;"3. No hay objetos ni elementos sueltos que puedan caer sobre una persona. RNE 060 Art. 11; RNE A.010 Art. 33
";INFORME SIMULACRO INSPECCION - INNOVA TRUJILLO 1 EL GOLF
En los pasillos del 2° piso pab A, 3° piso pab A, 3° piso pab B, 3° piso pab C, hay luminarias sueltas;Asegurar todas la luminarias observadas.;"3. No hay objetos ni elementos sueltos que puedan caer sobre una persona. RNE 060 Art. 11; RNE A.010 Art. 33
";INFORME SIMULACRO INSPECCION - INNOVA TRUJILLO 1 EL GOLF
En la cocina, el ventilador esta amarrada de tubería de desague.;Instalar correctamente el ventilador de cocina.;"3. No hay objetos ni elementos sueltos que puedan caer sobre una persona. RNE 060 Art. 11; RNE A.010 Art. 33
";INFORME SIMULACRO INSPECCION - INNOVA TRUJILLO 1 EL GOLF
En la caseta de vigilancia, la luminaria esta colgando;Asegurar todas la luminarias observadas.;"3. No hay objetos ni elementos sueltos que puedan caer sobre una persona. RNE 060 Art. 11; RNE A.010 Art. 33
";INFORME SIMULACRO INSPECCION - INNOVA TRUJILLO 1 EL GOLF
En el estacionamiento hay un anuncio publicitario, cuya estructura no parece poseer adecuada cimentación, además no se puede constatar el grosor de los parantes a falta de un calculo estructural;"Emitir una carta de garantía estructural incluyendo cálculos, firmado por ing. Civil.
";"1. Las estructuras que soportan las antenas y/o paneles publicitarios son seguras, estables, tienen anclajes y se encuentran en buen estado de conservación, no presentan óxido o corrosión, inclinaciones que podrían desestabilizarlas y ocasionar su colapso. RNE E.090, GE.040 Art. 11 y 12. Las estructuras metálicas de soporte de productos de almacenamiento (racks) están fijas, asegurando su estabilidad, se encuentran en buen estado de conservación, no presentan óxido o corrosión, inclinaciones que podrían desestabilizarlas y ocasionar su colapso. RNE E.090, GE.040 Art. 11 y 12
";INFORME SIMULACRO INSPECCION - INNOVA TRUJILLO 1 EL GOLF
"En las aulas KI-A,BEG A, 1°C,4°A,2°A,3°A,3°B,1°B,6°A,9°C,11°B, las estanterías, repisas o lockers no están asegurados a la pared o piso.
En la caseta de vigilancia, el armario estaba sin asegurar.
En el almacén de útiles se encontró un rack con deformación por peso
En barra de atención y cocina se encontró racks sin anclar.
";"Asegurar debidamente todos los armarios, lockers, estantes, racks de almacenamiento y tableros con tornillos, escuadras, o ángulos a la pared o piso.
";"2. Las estructuras metálicas de soporte de productos de almacenamiento (racks) están fijas, asegurando su estabilidad, se encuentran en buen estado de conservación, no presentan óxido o corrosión, inclinaciones que podrían desestabilizarlas y ocasionar su colapso. RNE E.090, GE.040 Art. 11 y 12
";INFORME SIMULACRO INSPECCION - INNOVA TRUJILLO 1 EL GOLF
Se encontró en el patio posterior, el soporte del condensador oxidado.;"Dar mantenimiento al soporte de los condensadores de aire acondicionado
";"3. Las estructuras de soporte de equipos de aire acondicionado, condensadores y otros, apoyados en la pared y/o techo, están adecuadamente fijadas y en buen estado de conservación, no presentan óxido ni corrosión. Los equipos instalados sobre estas estructuras se encuentran debidamente asegurados. RNE 0.90, GE.040 Art. 11 y 12
";INFORME SIMULACRO INSPECCION - INNOVA TRUJILLO 1 EL GOLF
No se ha presentado el certificado de mantenimiento y operatividad de sistema de extracción de la campana de la cocina.;Presentar certificado de mantenimiento y operatividad de sistema de extracción de la campana de la cocina, que incluya ductos, campana y motor.;"4. En caso de contar con sistema el sistema de extracción de monóxido de carbono en sótano, éste se encuentra operativo y cuenta con constancia de operatividad y mantenimiento. RNE A010 Articulo 69
";INFORME SIMULACRO INSPECCION - INNOVA TRUJILLO 1 EL GOLF
Falta mantenimiento al sistema del ducto de cocina, motor y campana;Realizar mantenimiento de campana extractora.;"4. En caso de contar con sistema el sistema de extracción de monóxido de carbono en sótano, éste se encuentra operativo y cuenta con constancia de operatividad y mantenimiento. RNE A010 Articulo 69
";INFORME SIMULACRO INSPECCION - INNOVA TRUJILLO 1 EL GOLF
Se encontró en patio general, arcos de futbol sin jebes de protección.;Colocar jebes de protección en las verticales de los arcos de futbol.;"5. Los juegos infantiles de carpintería metálica, de madera o plástico, son estables, seguros, están bien instalados y en buen estado de conservación. RNE E.090, E.010, GE.040 Art. 11 y 12
";INFORME SIMULACRO INSPECCION - INNOVA TRUJILLO 1 EL GOLF
Se encontró en patio inicial, Columpio con sus argolas oxidadas;Dar mantenimiento contra el oxido en argollas de columpios.;"5. Los juegos infantiles de carpintería metálica, de madera o plástico, son estables, seguros, están bien instalados y en buen estado de conservación. RNE E.090, E.010, GE.040 Art. 11 y 12
";INFORME SIMULACRO INSPECCION - INNOVA TRUJILLO 1 EL GOLF
Falta de franja antichoques en mamparas de tópico.;Colocar franjas o elementos decorativos tipo vinil a las mamparas del topico.;"6. Las puertas, ventanas, mamparas, techos; enchapes de muros con espejos, ubicados en áreas donde existe el riesgo de impacto accidental o de exposición de las personas ante roturas, que son de vidrio, son de vidrio templado o laminado. En caso de ser de vidrios primarios, tienen láminas de seguridad en todo el paño de vidrio u otro sistema de protección en caso de rotura. RNE E.040 Art. 23 y GE.040 Art. 11 y 12.
";INFORME SIMULACRO INSPECCION - INNOVA TRUJILLO 1 EL GOLF
En el sshh disc. 1° piso A se encontró el espejo suelto.;Asegurar espejo de ss.hh. de discapacitados.;"6. Las puertas, ventanas, mamparas, techos; enchapes de muros con espejos, ubicados en áreas donde existe el riesgo de impacto accidental o de exposición de las personas ante roturas, que son de vidrio, son de vidrio templado o laminado. En caso de ser de vidrios primarios, tienen láminas de seguridad en todo el paño de vidrio u otro sistema de protección en caso de rotura. RNE E.040 Art. 23 y GE.040 Art. 11 y 12.
";INFORME SIMULACRO INSPECCION - INNOVA TRUJILLO 1 EL GOLF
En los ambientes PKI-A, KI- A, KI-B, sshh niñas, BEG-A, BEG-B, 1°A, 1°C, sshh damas, sshh niños, sshh damas, sshh sala profesores,sshh damas y varones lobby,, se encontró falta de laminas de seguridad o laminas de seguridad sueltas en los espejos.;Instalar laminas de seguridad a todos los espejos redondos y de baños y certificarlo.;"6. Las puertas, ventanas, mamparas, techos; enchapes de muros con espejos, ubicados en áreas donde existe el riesgo de impacto accidental o de exposición de las personas ante roturas, que son de vidrio, son de vidrio templado o laminado. En caso de ser de vidrios primarios, tienen láminas de seguridad en todo el paño de vidrio u otro sistema de protección en caso de rotura. RNE E.040 Art. 23 y GE.040 Art. 11 y 12.
";INFORME SIMULACRO INSPECCION - INNOVA TRUJILLO 1 EL GOLF
Los vidrios de las puertas de las aulas no parecen ser templados, ni estar laminados.;Confirmar que tipo de protección antirrotura tienen con certificación, en caso de no tenerla, instalar laminas de seguridad y certificarlas.;"6. Las puertas, ventanas, mamparas, techos; enchapes de muros con espejos, ubicados en áreas donde existe el riesgo de impacto accidental o de exposición de las personas ante roturas, que son de vidrio, son de vidrio templado o laminado. En caso de ser de vidrios primarios, tienen láminas de seguridad en todo el paño de vidrio u otro sistema de protección en caso de rotura. RNE E.040 Art. 23 y GE.040 Art. 11 y 12.
";INFORME SIMULACRO INSPECCION - INNOVA TRUJILLO 1 EL GOLF
El vidrio de la ventana no esta laminado en cto. técnico general 1.;Instalar laminas de seguridad en el vidrio de la ventana.;"6. Las puertas, ventanas, mamparas, techos; enchapes de muros con espejos, ubicados en áreas donde existe el riesgo de impacto accidental o de exposición de las personas ante roturas, que son de vidrio, son de vidrio templado o laminado. En caso de ser de vidrios primarios, tienen láminas de seguridad en todo el paño de vidrio u otro sistema de protección en caso de rotura. RNE E.040 Art. 23 y GE.040 Art. 11 y 12.
";INFORME SIMULACRO INSPECCION - INNOVA TRUJILLO 1 EL GOLF
Los tableros TC-ASC, T-COCINA no tienen identificación.;Instalar un letrero en los tableros no identificados indicando el tipo de tablero y que alimentan;"7. El(los) tablero(s) eléctrico(s) cuenta(n) con identificación. CNE-U 020.100.1, 020.100.3.1
";INFORME SIMULACRO INSPECCION - INNOVA TRUJILLO 1 EL GOLF
El tablero TD-ADM, indica TD-AD no TD-ADM.El tablero TD-BA, no dice TD-BA.El tablero TD-BS, no dice TD-BS.El tablero TD-BPL, no dice TD-BPL;Instalar nombre de tableros correspondientes,;"7. El(los) tablero(s) eléctrico(s) cuenta(n) con identificación. CNE-U 020.100.1, 020.100.3.1
";INFORME SIMULACRO INSPECCION - INNOVA TRUJILLO 1 EL GOLF
"Los tableros T-COCINA,TD-B(C-10 Y C11 no son reservas),TD-ADM(no coincide con rotulación y diagramas), TC-ASC, TG(no tiene concordancia de los circuitos, sobretodo de los alimentadores de tablero) no tienen directorio o esta mal indicado.

";Cambiar directorio contrastando con los planos eléctricos actualizados.;"8. Tiene directorio de los circuitos, indicando de manera visible y clara la instalación que controla. CNE-U 020.100.1, 020.100.3.1
";INFORME SIMULACRO INSPECCION - INNOVA TRUJILLO 1 EL GOLF
"Los circuitos de los tableros TD-BPL (ITM1, IG), T-COCINA, T-ASC (C-3 dice IG-2), TD-BS, TD-BA, T-TIMBRE, no tienen o está mal rotulado.
En el tablero TG, el circuito C-17 dice reserva pero alimenta la SVG, desde la C-18 al C-23 no coincide la rotulación con el diagrama y directorio.";Colocar rotulado con letreros en sticker o placas, evitar rotulado en masking tape o escrito ya que se borra con el tiempo.;"8. Tiene directorio de los circuitos, indicando de manera visible y clara la instalación que controla. CNE-U 020.100.1, 020.100.3.1
";INFORME SIMULACRO INSPECCION - INNOVA TRUJILLO 1 EL GOLF
El tablero T-COCINA, no tiene libre 1m y esta bloqueado.;Se recomienda reubicar el tablero a otro espacio o liberar el lugar para tener libre 1 metro frente.;"9. Existe espacio libre no menor a un metro frente a los tableros eléctricos. CNE-U 020.308
";INFORME SIMULACRO INSPECCION - INNOVA TRUJILLO 1 EL GOLF
El subtablero 1°piso, tiene 80cm, el rack de comunicaciones interfiere.;Retirar rack de comunicaciones frente a tablero.;"9. Existe espacio libre no menor a un metro frente a los tableros eléctricos. CNE-U 020.308
";INFORME SIMULACRO INSPECCION - INNOVA TRUJILLO 1 EL GOLF
En el tablero TD-BA, la luminaria del cuarto tecnico le falta un tubo fluorescente.;Instalar tubo fluorescente faltante.;"10. Existe iluminación general y de emergencia en la zona de ubicación de los tableros eléctricos. CNE-U 020.314
";INFORME SIMULACRO INSPECCION - INNOVA TRUJILLO 1 EL GOLF
En el tablero T-COCINA no tiene luz de emergencia operativa.;Instalar iluminación general en el cuarto de ascensor.;"10. Existe iluminación general y de emergencia en la zona de ubicación de los tableros eléctricos. CNE-U 020.314
";INFORME SIMULACRO INSPECCION - INNOVA TRUJILLO 1 EL GOLF
En el tablero TD-STDP, la luz de emergencia no alumbra a este tablero;Instalar otra luz de emergencia que alumbre dicho tablero.;"10. Existe iluminación general y de emergencia en la zona de ubicación de los tableros eléctricos. CNE-U 020.314
";INFORME SIMULACRO INSPECCION - INNOVA TRUJILLO 1 EL GOLF
En el SUBTABLERO 1°PISO,SUBTABLERO 2°PISO,TG,TD-BD,T-CB,T-TIMBRE,TD-BA,TD-BS,TD-STDP,TD-EST1,TD-B,TD-A,TD-EST2,SUBTABLERO 3°PISO,TD-BPL las luces de emergencia no tienen conexión ininterrumpida luz de emergencia sin conexión ininterrumpida.;La luz de emergencia debe ser de conexión ininterrumpida (no debe tener enchufe ni botón de apagado), como referencia en la foto se muestra un modelo que cumple con esas caracteristicas.;"10. Existe iluminación general y de emergencia en la zona de ubicación de los tableros eléctricos. CNE-U 020.314
";INFORME SIMULACRO INSPECCION - INNOVA TRUJILLO 1 EL GOLF
En el estacionamiento se observo un hueco cerca a la puerta de ingreso vehicular;Tapar hueco para evitar caídas de niños.;"S/N OTRAS OBSERVACIONES
";INFORME SIMULACRO INSPECCION - INNOVA TRUJILLO 1 EL GOLF
En el patio general, se encontró una rejilla sumidero rota.;Reemplazar rejilla rota.;"S/N OTRAS OBSERVACIONES
";INFORME SIMULACRO INSPECCION - INNOVA TRUJILLO 1 EL GOLF
En la cocina, se encontró la válvula bloqueada y no señalizada;Retirar cualquier objeto frente a válvula de gas y señalizar.;"S/N OTRAS OBSERVACIONES
";INFORME SIMULACRO INSPECCION - INNOVA TRUJILLO 1 EL GOLF
En la cocina se encontró un hueco en una pared.;Cerrar huecos en la pared de cocina.;"S/N OTRAS OBSERVACIONES
";INFORME SIMULACRO INSPECCION - INNOVA TRUJILLO 1 EL GOLF
El cto. técnico N°4 lo usan de almacen de productos no utilizados y la bandeja en piso no esta señalizada.;Retirar cualquier objeto de almacenamiento de los cuartos técnicos.;"S/N OTRAS OBSERVACIONES
";INFORME SIMULACRO INSPECCION - INNOVA TRUJILLO 1 EL GOLF
En cto. técnico 3°piso PAB C, hay un vidrio guardado.;Retirar cualquier objeto de almacenamiento de los cuartos técnicos.;"S/N OTRAS OBSERVACIONES
";INFORME SIMULACRO INSPECCION - INNOVA TRUJILLO 1 EL GOLF
Se encontró en techo un tecle oxidado.;Se requiere dar mantenimiento al tecle oxidado y presentar un análisis de cargas de las estructuras que lo soportan y certificado de calidad del tecle.;"S/N OTRAS OBSERVACIONES
";INFORME SIMULACRO INSPECCION - INNOVA TRUJILLO 1 EL GOLF
En el cambio de nivel a cto. técnico falta señalizar con cinta luminiscente.;Pintar desniveles o colocar cinta amarilla.;"S/N OTRAS OBSERVACIONES
";INFORME SIMULACRO INSPECCION - INNOVA TRUJILLO 1 EL GOLF
Tapa mal puesta, con riesgo de caída;Colocar una tapa que evite un riesgo de caída.;"S/N OTRAS OBSERVACIONES
";INFORME SIMULACRO INSPECCION - INNOVA TRUJILLO 1 EL GOLF
La campana es mas pequeña que la cocina;Instalar una campana acorde a la medida de la cocina.;"S/N OTRAS OBSERVACIONES
";INFORME SIMULACRO INSPECCION - INNOVA TRUJILLO 1 EL GOLF
